Index,Map
1,ze_2012_p3
2,ze_30_seconds__b21_p2
3,ze_666_crazy_escape_v2_4
4,ze_8bit_csgo2_fix
5,ze_A_E_S_T_H_E_T_I_C_v1_1
6,ze_abandoned_industry_va2
7,ze_abandoned_project_v1_2_csgo
8,ze_acuticnotes_v1_2
9,ze_aepp_nano_grid2_v1h
10,ze_alien_shooter_v7_ps4
11,ze_alien_vs_predator_v6go_fix
12,ze_ancient_wrath_v2_test27_cm1
13,ze_antartika_b1_1_ps3
14,ze_antfarm_2v
15,ze_anzalone_v3_fix
16,ze_aooka_v3_t4a
17,ze_aot_trost_v6
18,ze_aperturescience_p2
19,ze_apollo_p
20,ze_aragami_v1_1
21,ze_arcade_parade_b5
22,ze_arctic_escape_p2
23,ze_ardeca_revamp
24,ze_ashen_keep_v0_3_csgo4
25,ze_assassins_creed_csgo
26,ze_atix_helicopter_p
27,ze_atix_panic_v1
28,ze_atos_v2_3
29,ze_avalanche_reboot_beta7_p2
30,ze_aware_v1_2a
31,ze_aztec_temple_p2
32,ze_aztecnoob_p2
33,ze_barrage_p2
34,ze_bathroom_v2_5
35,ze_beachescape_v2
36,ze_best_korea_v1
37,ze_bholes_budhole_1_1
38,ze_binary_z4_1
39,ze_biohazard_manor_004_p4
40,ze_biohazard2_rpd_004_p3
41,ze_biohazard2_sewer_004_p8
42,ze_biohazard3_nemesis_b5_2
43,ze_bioshock_v6_2_csgo7
44,ze_bisounours_party_go_v3fix
45,ze_blackmesa_remix_p2
46,ze_blood_castle_b7
47,ze_blue_magic_castle_v3_1
48,ze_blue_zenith_v0_2
49,ze_bm_ascension_a2_4
50,ze_boacceho_p4
51,ze_boatescape_extendido_p4
52,ze_boredom_p
53,ze_bp-infested-prison_p2
54,ze_breakable_p3
55,ze_breezy_v4
56,ze_bunker_escape_v1_2
57,ze_castlevania_p1_7
58,ze_ccc_floator_mislands_timantetrix_v2
59,ze_chaos_v7_7
60,ze_check_b1_1
61,ze_chemical_weapons_depot_v3_1
62,ze_chicken_lords_p
63,ze_chicken_ranch_v2_2
64,ze_christmas_beta3f_v2
65,ze_christmas_infection_p2
66,ze_chroma_v0_4_csgo5
67,ze_chronus_a1
68,ze_colorlicouspilar_p4
69,ze_colors_p3
70,ze_core_v2b
71,ze_corrupted_bridge_b1_3
72,ze_crashbandicoot_p3
73,ze_crazy_escape_v6_1
74,ze_crazykart_v4
75,ze_crypt_v1_4
76,ze_crystal_tower_a2
77,ze_cso_decoy_v1_hdr
78,ze_ctr_terminal_v1_2_hdr
79,ze_cursed_bear_tales_v1_2
80,ze_cursed_ruins_gf1_1
81,ze_cyberderp_p3_f
82,ze_cyberpunk_x_a07
83,ze_Cyberspace_t03
83,ze_dangerous_waters_v2_final
84,ze_dark_souls_ptd_csgo2
85,ze_darkelord_castle_b3
86,ze_deadcore_v1_3
87,ze_death_star_escape_v4_3_p2
88,ze_death_valley_b2
89,ze_deepice_p3
90,ze_defense3002
91,ze_defensepart_escape_go1
92,ze_desert_fox_v7_6f
93,ze_destruction_of_exorath_v4_lite
94,ze_dev_r4a_csgo3
95,ze_diddle_v3
96,ze_doom_p2
97,ze_doom3_v2
98,ze_dreamin_v3_3
99,ze_dungeon_of_ignorance_a1_2
100,ze_eden_a3
101,ze_egyptian_b5
102,ze_einstein_v7
103,ze_elevator_escape
104,ze_ep2_plant_b1
105,ze_escape_horizon_p3
106,ze_escape_the_eye_p3
107,ze_eternal_grove_v3
108,ze_eternal_journey_go_v1_4t11
109,ze_eternal_void_p3
110,ze_evernight_a3_4
111,ze_evil_mansion_va1
112,ze_fapescape_p5
113,ze_fapescape_rote_v1_3
114,ze_farmhouse_v9f2
115,ze_ffuxx_demon_naramina_a2
116,ze_ffvii_cosmo_canyon_v5k_fix
117,ze_ffvii_cosmo_canyon_v6test4
118,ze_FFVII_Mako_Reactor_v5_3_v5
119,ze_ffvii_mako_reactor_v6_b09k2
120,ze_ffvii_temple_ancient_v4_3
121,ze_ffxii_feywood_b6_3k
122,ze_FFXII_Mt_Bur_Omisace_v5_4fix4
123,ze_FFXII_Paramina_Rift_v1_4_a8t
124,ze_ffxii_ridorana_cataract_t5_3_w6
125,ze_FFXII_Westersand_v5_2_ps11
126,ze_FFXII_Westersand_v7_z9
127,ze_ffxii_westersand_v8zeta1_b5k
128,ze_ffxiv_wanderers_palace_v4_va2
129,ze_firewall_laboratory_part1_p2
130,ze_firewall_laboratory_part2_p2
131,ze_flex_b4
132,ze_flying_world_p
133,ze_fond_dream_h4
134,ze_forbidden_repository_a1_4
135,ze_forest_r_v1
136,ze_forgotten_facility_p3
137,ze_forsaken_temple_v3_b5
138,ze_frostdrake_tower_v1
139,ze_frozen_abyss_v1_2
140,ze_frozentemple_rc1_1
141,ze_funny_runner_v3_1
142,ze_games_v2_1
143,ze_gameshow_v1_2_csgo1
144,ze_gods_wrath_p2
145,ze_got_the_north_csgo3
146,ze_grand_boatescape_p3
147,ze_grau_a03_4f
148,ze_great_crate_escape_v6
149,ze_greece_escape_p
150,ze_greencity_ps
151,ze_grey_b2_4_ps4
152,ze_gris_v1_13
153,ze_halloween_house_b4
154,ze_halo_poa_p4
155,ze_harry_potter_v2_1_csgo
156,ze_haunted_lab_escape_p3
157,ze_hazard_escape_p2
158,ze_hell_escape_p2
159,ze_hello_world_v1
160,ze_hidden_fortress_p
161,ze_hidden_temple_v2_5
162,ze_hiems_facilities_v3ar_b7
163,ze_highest_to_lowest_v1_1
164,ze_hold_em_v10_p
165,ze_hollow_a2
166,ze_homo_party_a24
167,ze_honkai_impact_3rd_babel_v1_55
168,ze_honkai_impact_3rd_cyberpunk_cityv26_7
169,ze_honkai_negazoracity_beta_3
170,ze_horizon_sky_escape_v2
171,ze_hsc_a4_q3
172,ze_huge_labo_escape_b1_3
173,ze_hypernova_p2
174,ze_ice_hold_p1
175,ze_icecap_escape_v5_p
176,ze_iceland_escape_v1_2
177,ze_illya_b4_csgo_a3
178,ze_inboxed_final_fix
179,ze_indiana_jones_v4a_004_p4
180,ze_industrial_dejavu_v3_3_1_e2
181,ze_infected_sewers_csgo
182,ze_infected_tramway_csgo1
183,ze_infested-industry_v2_pf2_ps3
184,ze_infiltration_final_r1
185,ze_insanitycity_va2
186,ze_insensible_sr8gm6yj12hs7_rg_v9_6
187,ze_interception_p2
188,ze_isla_nublar_p3
189,ze_island_escape_p3
190,ze_ismellmagicintheair_wg7tw9vm1io1bu7_v3
191,ze_italy_town_p2
192,ze_jjba_v7
193,ze_johnny_nukem_go_b8_3a
194,ze_journey_p2
195,ze_jurassic_park_story_csgo
196,ze_jurassicpark_escape_p2
197,ze_jurassicpark_p3
198,ze_kaffe_escape_v2
199,ze_kage_a3
200,ze_kitchen_v2
201,ze_knife_fun_fix_go
202,ze_kororinpa_v2_3
203,ze_kraznov_poopata_p2
204,ze_l0v0l_v1_4_csgo2
205,ze_l4d2_c1m3_mall_csgo_v0_3_le
206,ze_last_man_standing_h2
207,ze_legoland_crackheads_p2
208,ze_lemonysnickets_p2
209,ze_licciana_escape_p
210,ze_lila_panic_escape_v3_3
211,ze_lootus_v1_2
212,ze_lotr_helms_deep_v5_p6
213,ze_lotr_isengard_csgo1
214,ze_lotr_laketown_v3_3
215,ze_lotr_minas_of_moria_p2
216,ze_lotr_minas_tiret_p2
217,ze_lotr_mount_doom_p3
218,ze_luck_matters_v3x_ps1
219,ze_lucy_escape_v1
220,ze_luigimansion_p3
221,ze_m0w0m_csgo1
222,ze_mabinogi_f4_1
223,ze_magala_castle_final
224,ze_magic_carpet_p2
225,ze_magmadrake_b2
226,ze_magus_v2_4
227,ze_mario_tower_v4_p2
228,ze_mars_escape_gp3
229,ze_mayan_alien_attack_a1
230,ze_meatropolis_p2
231,ze_military_escape_p4
232,ze_minecraft_adventure_v1_3d
233,ze_minecraft_escape_b3
234,ze_minecraft_universe_v1_5
235,ze_minecraft_v1_1_p3
236,ze_mirros_edge_reborn_p3
237,ze_mist_q3
238,ze_mixture_3de_v1f2_g1t
239,ze_mkzk_scarab_v4_ps3
240,ze_moon_base_p3
241,ze_moon_shadow_legend_v10_3_fix3
242,ze_motanuminc_p2
243,ze_mountain_escape_snow_v5_13
244,ze_mountain_escape_v2fix
245,ze_mountainspire_p2
246,ze_mytex_escape_v3_p
247,ze_naruto_p
248,ze_necromanteion_v3_1
249,ze_negative_legacy_va2
250,ze_neko_canyon_p3
251,ze_nemeless_necropolis_v3
252,ze_new_crazy_escape_v4_1
253,ze_nightmare_dimension_v2_7_ps3
254,ze_no_title_v2_5
255,ze_noir_p
256,ze_nomada_h3
257,ze_nostromo_escape_p2
258,ze_nostromo_redux_v1_2
259,ze_notredame_p4
260,ze_nuke_p5
261,ze_ny_marathon_p2
262,ze_ocean_base_escape_p2
263,ze_omega_p3
264,ze_omen_090
265,ze_onahole_v3_3_3
266,ze_oneiros_p
267,ze_otakuroom_v3_4_ps5
268,ze_otakuroom_v5_6_ps
269,ze_Outlast_v2_cm1_fix1
270,ze_pallaroid_rage_v1
271,ze_palm_island_nav72_fix2
272,ze_pandora_revolutionz_hdr2
273,ze_paper_escaper_p7
274,ze_paradise_v2_csgo
275,ze_paranoid_rezurrection_v11_9_ps17
276,ze_parkers_pit_p
277,ze_parking_p4
278,ze_pc_v1_2
279,ze_pd2_crime_art_v2
280,ze_phantasy_escape_p3
281,ze_pidaras_va2
282,ze_pirates_port_royal_v5_6
283,ze_pitchblack_p2
284,ze_pkmn_adventure_v9_3
285,ze_platformer_b6
286,ze_pokemon_adventure_v1_1
287,ze_por_island_p3
288,ze_portal_story_p2
289,ze_potc_iv_p3
290,ze_potc_v4_p
291,ze_predator_ultimate_p7
292,ze_project_alcaria_x2
293,ze_prototype_r
294,ze_puta_p3
295,ze_rabanastre_royal_t5
296,ze_raccoon_facility_v6b_p
297,ze_radio_building_v1_3
298,ze_rainbow_factory_v2
299,ze_random_p2
300,ze_rats_escape_final
301,ze_realm_f3
302,ze_reloaded_v1_e10
303,ze_resonance_cascade_p3_fix
304,ze_retribution_pf
305,ze_rev_a6_3
306,ze_ripsuhdude_v1_6
307,ze_rizomata_va2
308,ze_rockescape_go2_1
309,ze_rollermine_factory_2010_p
310,ze_roof_adventure_v9
311,ze_rooftop_madness_v1_9_csgo
312,ze_rooftop_runaway1_p
313,ze_rooftop_runaway2_p
314,ze_rooftop_runaway3_v2
315,ze_rtcw_ominous_rumors_p4
316,ze_ruminas_v12_f
317,ze_s_a_m_v1_7
318,ze_sakuzyo_b2
319,ze_sandstorm_go_v1_5x3
320,ze_santassination_v3
321,ze_saw_p3
322,ze_sc_turtles_v5_p2
323,ze_schizophrenic_c3
324,ze_serpentis_temple_v2a_csgo2
325,ze_sewage_processing_v8
326,ze_sewer_escape_p3
327,ze_sewer_v2
328,ze_sg1_missions_v2_1_p2
329,ze_shadow_corridor_v1_2
330,ze_shaun_of_the_dead_b3_ps2
331,ze_showdown_v4_1_p
332,ze_shrine_of_umos_b3
333,ze_shroomforest_p6
334,ze_shroomforest2_p6
335,ze_shroomforest3_p
336,ze_siberia_1990_v1_2c_p5
337,ze_silent_hill_2_illusion_b5
338,ze_silent_hill_3_dawn_v2
339,ze_silent_hill_3_flee_v4
340,ze_silent_hill_blackblood_f6
341,ze_sit_caelum_paradisus_b7_hdr
342,ze_space_flight_p3
343,ze_sst_b2_1_p5
344,ze_sst2_p
345,ze_stalker_ultimate_v4_9
346,ze_stalkermonolit_v8gofix1
347,ze_stargate_escape_v8_p2
348,ze_starwars_v2fix_csgo3
349,ze_stilshrine_of_miriam_v7_2fix
350,ze_strange_escape_p2
351,ze_suchirifu_v3_1_h
352,ze_sumai_facility_v1a
353,ze_sunkentemple_v3_1
354,ze_sunlight_p2
355,ze_supershitshow_a2
356,ze_surf_danger_p2
357,ze_surf_dark_fantasy_v2go2
358,ze_surf_facility_p4
359,ze_surf_gypt_v1_3_1f
360,ze_surf_infernoclub_v1_4
361,ze_surf_next_step_v1_4
362,ze_surf_shonyudo_v5_2
363,ze_surf_vortex_v2_6
364,ze_survivors_p2
365,ze_taboo_carnation_v2_ps2
366,ze_temple_of_the_demon_god_v2
367,ze_temple_raider_b4_ps6
368,ze_tenkinoko_welkin_v1_6f
369,ze_tesv_skyrim_v5_6
370,ze_texturescape_p2
371,ze_th06_scarletdevilmansion_a0c
372,ze_the_curse_of_blackwater_v6b
373,ze_the_last_chapter_v1_5
374,ze_the_new_era_of_crazy_escape_b8
375,ze_thelostworld_redux_p2
376,ze_thousand_steps_go1
377,ze_three_eyes_v1_1
378,ze_thriller_escape_p
379,ze_tilex_ultimate_v2_13_thdr
380,ze_timesink_v1_2
381,ze_timesplitters_p2
382,ze_titanic_escape_p2
383,ze_tkara_v4_3
384,ze_tloz_stone_tower_temple_v1_4e
385,ze_toaster_p3
386,ze_totemo_roka_v1
387,ze_touhou_gensokyo_o4
388,ze_traak_b2
389,ze_trainescape_final_p2
390,ze_trials_v3_test
391,ze_tropico_escape_gf1_1
392,ze_tyranny_v5_2k3
393,ze_tyranny2_v1_csgo2
394,ze_undercave_es_mi_v1_5
395,ze_underground_escape__final_e3
396,ze_undersea_temple_a4_4
397,ze_undertale_g_v1_3_fix1
398,ze_unknown_underground_a2_8_2
399,ze_ut2004_convoy_r5
400,ze_v0u0v_a6_csgo1
401,ze_valkvang_v1_2
402,ze_variis_b1_2_hdr
403,ze_venice_escape_p3
404,ze_vertigo_militia_b1_3_14
405,ze_visualizer_v1_2
406,ze_volcano_escape_p2
407,ze_voodoo_island_p5
408,ze_world_escapes_v1
409,ze_xiii_winslow_bank_v2_2fix_4
410,ze_yurilnier_beta007_hdr
411,ze_zk_mall_of_zombies_p2
412,ze_zombie_city_finalfix_ps2
413,ze_zombiemod_corporation_p2
414,ze_zombierig_p3
